product_id,product_name,category,brand,price,cost,stock_quantity,rating
1,SportMax Dress,Clothing,SportMax,134.2,56.19,51,3.6
2,ProGear Toaster,Home,ProGear,227.11,147.64,164,3.1
3,ProGear Yoga Mat,Sports,ProGear,117.66,50.1,431,3.8
4,HomeStyle Blender,Home,HomeStyle,323.29,189.75,6,4.1
5,HomeStyle Basketball,Sports,HomeStyle,355.98,226.47,210,4.8
6,TechPro T-Shirt,Clothing,TechPro,78.87,48.94,65,3.1
7,SportMax Mouse,Electronics,SportMax,1671.53,1094.38,379,3.3
8,TechPro Sneakers,Clothing,TechPro,385.34,157.05,342,3.1
9,TechPro Sofa,Furniture,TechPro,1113.77,688.51,492,3.5
10,HomeStyle Microwave,Home,HomeStyle,104.5,73.09,337,4.5
11,SportMax T-Shirt,Clothing,SportMax,270.36,156.82,184,3.6
12,HomeStyle Tablet,Electronics,HomeStyle,256.37,119.94,237,4.6
13,ProGear Dumbbells,Sports,ProGear,32.2,15.29,276,4
14,HomeStyle Microwave,Home,HomeStyle,429.91,227.86,283,3.3
15,EliteWear Jeans,Clothing,EliteWear,217.55,111.1,283,4.4
16,SportMax Vacuum,Home,SportMax,114.52,50.07,240,3.8
17,TechPro Dumbbells,Sports,TechPro,58.25,36.22,204,4.2
18,ProGear Lamp,Furniture,ProGear,1409.47,821.66,292,3.3
19,SportMax Non-Fiction,Books,SportMax,50.69,26.3,197,4.4
20,SmartChoice Keyboard,Electronics,SmartChoice,902.87,364.57,145,4
21,HomeStyle Dumbbells,Sports,HomeStyle,240.22,156.65,310,3.6
22,SmartChoice Microwave,Home,SmartChoice,238.33,119.83,294,4
23,SportMax Treadmill,Sports,SportMax,472.71,260.2,150,3.6
24,SportMax T-Shirt,Clothing,SportMax,270.82,121,182,4.6
25,SmartChoice Desk,Furniture,SmartChoice,1422.08,645.69,124,4.3
26,HomeStyle Basketball,Sports,HomeStyle,63.71,37.7,292,4.8
27,SmartChoice Dress,Clothing,SmartChoice,204.74,122.91,481,3.8
28,ProGear Bike,Sports,ProGear,175.91,118.35,169,4.9
29,EliteWear Bike,Sports,EliteWear,204.22,124.13,6,3.7
30,SmartChoice Keyboard,Electronics,SmartChoice,1032.98,572.09,477,3.8
31,SmartChoice Dumbbells,Sports,SmartChoice,344.48,193.64,107,4.9
32,HomeStyle Dumbbells,Sports,HomeStyle,194.88,81.32,174,3.5
33,SmartChoice Lamp,Furniture,SmartChoice,1382.29,946.77,223,4.5
34,SportMax Non-Fiction,Books,SportMax,24.27,14.98,240,5
35,EliteWear Table,Furniture,EliteWear,850.07,477.51,397,3.8
36,SmartChoice Desk,Furniture,SmartChoice,233.96,113.9,483,3.2
37,TechPro Monitor,Electronics,TechPro,1263.29,810.85,241,4.4
38,SmartChoice Textbook,Books,SmartChoice,393.6,177.98,219,5
39,HomeStyle Biography,Books,HomeStyle,101.26,59.75,356,3.9
40,HomeStyle Laptop,Electronics,HomeStyle,186.17,87.61,294,4.9
41,ProGear Jacket,Clothing,ProGear,237.81,122.14,365,4.9
42,HomeStyle Fiction,Books,HomeStyle,204.16,126.07,338,4.3
43,SportMax Table,Furniture,SportMax,514.72,298.99,236,4.1
44,SportMax Basketball,Sports,SportMax,345.17,157.89,345,4.2
45,ProGear Dumbbells,Sports,ProGear,389.11,262.2,383,4.5
46,ProGear Chair,Furniture,ProGear,369.48,156.39,317,4.9
47,SmartChoice Basketball,Sports,SmartChoice,183.48,121.18,241,4.5
48,SmartChoice Treadmill,Sports,SmartChoice,91.85,39.44,249,3.7
49,ProGear Headphones,Electronics,ProGear,1399.16,725.73,460,4.2
50,ProGear Fiction,Books,ProGear,389.56,169.5,312,3.1
51,HomeStyle Microwave,Home,HomeStyle,58.68,32.28,463,3.1
52,SportMax Microwave,Home,SportMax,67.49,36.66,217,4.9
53,SportMax Vacuum,Home,SportMax,223.84,136.71,362,3.4
54,SmartChoice Toaster,Home,SmartChoice,230.85,130.55,365,4.4
55,SportMax Vacuum,Home,SportMax,383.02,198.2,396,4.1
56,HomeStyle Bike,Sports,HomeStyle,155.59,84.33,1,4.9
57,HomeStyle Headphones,Electronics,HomeStyle,1570.6,943.78,235,4.2
58,SmartChoice Microwave,Home,SmartChoice,471.69,268.26,476,4.9
59,TechPro Shoes,Clothing,TechPro,262.53,159.59,483,3.4
60,SmartChoice Monitor,Electronics,SmartChoice,818.96,534.55,479,3
61,ProGear Basketball,Sports,ProGear,146.06,97.74,429,4.8
62,EliteWear Chair,Furniture,EliteWear,1401.28,968.72,358,3.3
63,SportMax Jeans,Clothing,SportMax,215.62,115.8,79,4.4
64,SmartChoice Non-Fiction,Books,SmartChoice,402.56,229.05,142,4.8
65,ProGear Blender,Home,ProGear,129.7,62.26,144,4.8
66,SportMax Lamp,Furniture,SportMax,691.92,343.05,257,4.1
67,EliteWear Smartphone,Electronics,EliteWear,1453.08,782.04,157,3.4
68,ProGear Biography,Books,ProGear,193.19,82.71,275,4.1
69,ProGear Bookshelf,Furniture,ProGear,1211.01,633.76,159,3.1
70,SportMax Textbook,Books,SportMax,44.61,28.07,28,3.7
71,ProGear Jacket,Clothing,ProGear,148.06,59.74,376,4.6
72,ProGear Mouse,Electronics,ProGear,494.3,302.16,170,4.1
73,TechPro Jeans,Clothing,TechPro,474.37,241.42,56,3.9
74,ProGear T-Shirt,Clothing,ProGear,22.44,15.24,454,3.6
75,SmartChoice Laptop,Electronics,SmartChoice,656.68,453.95,68,4
76,TechPro Bike,Sports,TechPro,43.48,18.48,30,4.2
77,EliteWear Chair,Furniture,EliteWear,676.45,472.52,286,3.6
78,HomeStyle Biography,Books,HomeStyle,73.94,44.08,133,3.5
79,HomeStyle Non-Fiction,Books,HomeStyle,370.42,243.09,417,4.9
80,HomeStyle Sofa,Furniture,HomeStyle,1434.14,713.35,429,4.8
81,TechPro Dumbbells,Sports,TechPro,383.81,255.85,239,4.7
82,TechPro Microwave,Home,TechPro,174.17,79.51,297,4.5
83,SportMax Basketball,Sports,SportMax,109.74,75.55,43,4.6
84,TechPro Smartphone,Electronics,TechPro,686.67,289.05,140,3
85,HomeStyle Non-Fiction,Books,HomeStyle,139.53,80.26,159,4
86,HomeStyle Textbook,Books,HomeStyle,343.47,223.13,298,4.7
87,SportMax Monitor,Electronics,SportMax,1631.89,723.94,175,3.5
88,SmartChoice Lamp,Furniture,SmartChoice,730.94,507.3,298,4.7
89,HomeStyle T-Shirt,Clothing,HomeStyle,90.72,47.73,417,4.8
90,HomeStyle Blender,Home,HomeStyle,52.04,24.36,55,3.4
91,EliteWear Jacket,Clothing,EliteWear,182.61,81.24,250,4.3
92,EliteWear Vacuum,Home,EliteWear,110.01,75.22,389,4
93,SportMax Textbook,Books,SportMax,63.84,35.83,359,4.9
94,TechPro Yoga Mat,Sports,TechPro,309.17,213.91,244,4.7
95,TechPro Biography,Books,TechPro,60.01,26.24,463,4.9
96,SportMax Textbook,Books,SportMax,297.12,132.98,184,3.7
97,EliteWear T-Shirt,Clothing,EliteWear,307.5,206.73,399,4.9
98,HomeStyle Bookshelf,Furniture,HomeStyle,302.6,147.64,235,4.2
99,SportMax Vacuum,Home,SportMax,415.27,197.98,377,4.7
100,TechPro Basketball,Sports,TechPro,352.65,198.85,13,4.2
101,TechPro Non-Fiction,Books,TechPro,100.81,59.12,351,4.7
102,HomeStyle T-Shirt,Clothing,HomeStyle,444.86,277.02,145,3.1
103,SportMax Smartphone,Electronics,SportMax,1509.27,1023.25,96,3.2
104,SmartChoice Tablet,Electronics,SmartChoice,446.01,284.89,444,3.6
105,HomeStyle Desk,Furniture,HomeStyle,636.3,264.18,116,4.7
106,HomeStyle Basketball,Sports,HomeStyle,377.24,237.07,59,3.6
107,EliteWear Laptop,Electronics,EliteWear,1045.92,471.39,450,3.1
108,HomeStyle Yoga Mat,Sports,HomeStyle,138.36,85.05,21,3.3
109,TechPro Mouse,Electronics,TechPro,1993.86,1253.71,244,3.3
110,HomeStyle Shoes,Clothing,HomeStyle,411.92,287.66,387,4.5
111,ProGear Vacuum,Home,ProGear,89.62,61.62,392,3.6
112,SmartChoice Biography,Books,SmartChoice,98.82,50.38,166,4.7
113,TechPro Jacket,Clothing,TechPro,182.22,92.02,237,3.5
114,HomeStyle Smartphone,Electronics,HomeStyle,1711.95,789.98,110,4.2
115,EliteWear Jeans,Clothing,EliteWear,340.93,209.38,134,4.2
116,SmartChoice Biography,Books,SmartChoice,76.93,52.23,42,4.2
117,EliteWear Dumbbells,Sports,EliteWear,190.07,85.11,16,4.1
118,SportMax Blender,Home,SportMax,325.71,180.1,307,3.5
119,SmartChoice Dress,Clothing,SmartChoice,326.32,138.44,384,3.4
120,EliteWear Mouse,Electronics,EliteWear,713.28,314.94,474,3.3
121,SmartChoice Toaster,Home,SmartChoice,119.32,66.77,11,3.3
122,ProGear Blender,Home,ProGear,281.89,181.18,163,4.3
123,HomeStyle Yoga Mat,Sports,HomeStyle,420.67,244.67,27,4.2
124,SportMax Sofa,Furniture,SportMax,1022.47,480.55,297,3.8
125,EliteWear Lamp,Furniture,EliteWear,869.68,404.29,374,4.8
126,TechPro Vacuum,Home,TechPro,28.34,13.03,155,4.4
127,HomeStyle Blender,Home,HomeStyle,191.69,103.06,497,4.7
128,HomeStyle Yoga Mat,Sports,HomeStyle,85.61,45.17,230,4.6
129,TechPro Yoga Mat,Sports,TechPro,58.16,25.99,459,3.1
130,SportMax Biography,Books,SportMax,383.12,197.07,281,4.7
131,ProGear Vacuum,Home,ProGear,467.17,243.68,132,4.6
132,ProGear Textbook,Books,ProGear,141.99,85.88,445,3.9
133,SportMax Shoes,Clothing,SportMax,150.04,90.35,498,4.6
134,EliteWear Microwave,Home,EliteWear,93.43,43.64,225,3.2
135,SmartChoice Non-Fiction,Books,SmartChoice,492.35,250.89,457,3.3
136,EliteWear Laptop,Electronics,EliteWear,912.13,448.64,154,4.6
137,EliteWear Yoga Mat,Sports,EliteWear,23.69,13.67,186,3.9
138,ProGear Lamp,Furniture,ProGear,855.04,387.6,116,4.6
139,SmartChoice Tablet,Electronics,SmartChoice,1222.28,643.3,376,4
140,ProGear Blender,Home,ProGear,89.05,59.42,461,4.1
141,HomeStyle Biography,Books,HomeStyle,409.43,219.06,83,4.1
142,EliteWear Textbook,Books,EliteWear,358.66,244.84,66,4.3
143,EliteWear Dress,Clothing,EliteWear,311.38,167.52,49,4
144,ProGear Fiction,Books,ProGear,88.61,44.73,417,4.2
145,SportMax Vacuum,Home,SportMax,175.18,86.99,368,4.9
146,SportMax Fiction,Books,SportMax,440.31,283.98,385,3.5
147,TechPro T-Shirt,Clothing,TechPro,96.05,44.43,25,4
148,SmartChoice Bookshelf,Furniture,SmartChoice,146.01,85.56,49,4.3
149,SmartChoice Basketball,Sports,SmartChoice,279.65,115.39,499,3
150,HomeStyle Jacket,Clothing,HomeStyle,360.65,203.93,399,4.2
151,SportMax Microwave,Home,SportMax,297.61,147.63,356,4.4
152,EliteWear Jeans,Clothing,EliteWear,93.98,64.72,59,3.5
153,ProGear Keyboard,Electronics,ProGear,146.4,89.51,181,4
154,SmartChoice Non-Fiction,Books,SmartChoice,204.6,124.66,280,3.6
155,EliteWear Sofa,Furniture,EliteWear,708.75,428.4,80,3.8
156,ProGear Yoga Mat,Sports,ProGear,327.66,224.09,72,3.8
157,EliteWear Monitor,Electronics,EliteWear,1561.96,787.2,202,4.5
158,SmartChoice Jeans,Clothing,SmartChoice,439.1,225.91,235,4.4
159,SportMax Shoes,Clothing,SportMax,387.84,222.3,276,3.1
160,HomeStyle Vacuum,Home,HomeStyle,224.67,154.99,174,3.8
161,ProGear Blender,Home,ProGear,41.57,27.47,391,4.5
162,HomeStyle Jacket,Clothing,HomeStyle,282.09,173.72,422,3.2
163,ProGear Treadmill,Sports,ProGear,372.5,207.46,170,3.3
164,EliteWear Basketball,Sports,EliteWear,377.6,190.6,364,4.4
165,SmartChoice Bike,Sports,SmartChoice,301.62,159.05,384,4.8
166,TechPro Treadmill,Sports,TechPro,293.85,194.55,3,4.2
167,EliteWear Monitor,Electronics,EliteWear,1220.75,628.84,114,3.9
168,TechPro Lamp,Furniture,TechPro,884.99,383.58,39,4.3
169,HomeStyle Chair,Furniture,HomeStyle,1459.39,847.78,188,3.2
170,SportMax Biography,Books,SportMax,274.44,132.75,398,4.7
171,ProGear Tablet,Electronics,ProGear,605.85,364.27,11,3
172,TechPro Sneakers,Clothing,TechPro,73.5,48.24,239,3.7
173,TechPro Blender,Home,TechPro,267.18,120.49,397,4.4
174,ProGear T-Shirt,Clothing,ProGear,257.39,136.12,357,3.2
175,SmartChoice Blender,Home,SmartChoice,277.09,167.84,112,3.8
176,HomeStyle Non-Fiction,Books,HomeStyle,130.08,58.17,252,3.4
177,TechPro Toaster,Home,TechPro,388.66,169.17,256,4.1
178,HomeStyle Bike,Sports,HomeStyle,45.81,29.42,322,4.4
179,TechPro Table,Furniture,TechPro,520.41,319.95,97,3.8
180,ProGear Blender,Home,ProGear,34.33,23.79,163,4.4
181,SmartChoice Jeans,Clothing,SmartChoice,197.43,109.15,454,4.2
182,SportMax Biography,Books,SportMax,294.64,127.82,441,4.9
183,SmartChoice Chair,Furniture,SmartChoice,590.14,361.13,412,4.1
184,ProGear Dumbbells,Sports,ProGear,195.92,128.66,361,3.4
185,SmartChoice Biography,Books,SmartChoice,81.62,41.44,223,4.3
186,SportMax Dress,Clothing,SportMax,93.02,55.98,172,3.2
187,EliteWear Sneakers,Clothing,EliteWear,310.99,126.99,317,3.2
188,ProGear Vacuum,Home,ProGear,110.74,73.08,212,4.1
189,SmartChoice Table,Furniture,SmartChoice,584.04,365.76,163,3.1
190,SportMax Non-Fiction,Books,SportMax,358.67,237.87,266,4.9
191,SmartChoice Dress,Clothing,SmartChoice,281.39,121.67,91,3.2
192,SmartChoice Blender,Home,SmartChoice,356.49,148.28,390,5
193,ProGear Treadmill,Sports,ProGear,227.63,138.19,456,4
194,EliteWear Jeans,Clothing,EliteWear,141.02,77.33,242,5
195,HomeStyle Microwave,Home,HomeStyle,22.73,12.53,415,3.2
196,HomeStyle Jacket,Clothing,HomeStyle,316.73,176.9,452,4.2
197,SportMax Basketball,Sports,SportMax,416.06,246.47,281,3.8
198,ProGear Jacket,Clothing,ProGear,137.73,80.25,309,3.5
199,HomeStyle Biography,Books,HomeStyle,456.28,237.9,187,4
200,SmartChoice Non-Fiction,Books,SmartChoice,106.62,46.63,55,3.5
201,TechPro Blender,Home,TechPro,274.81,186.59,149,4.2
202,TechPro T-Shirt,Clothing,TechPro,50.71,34.46,73,3.7
203,SportMax Textbook,Books,SportMax,51.53,22.88,285,4.6
204,EliteWear Treadmill,Sports,EliteWear,92.15,38.61,173,3
205,TechPro Treadmill,Sports,TechPro,473.49,274.8,35,4.7
206,ProGear Microwave,Home,ProGear,376.98,236.72,129,3.1
207,HomeStyle Fiction,Books,HomeStyle,353.77,179.09,388,3.4
208,EliteWear Biography,Books,EliteWear,367.49,208.59,313,4.9
209,ProGear Toaster,Home,ProGear,181.95,89.7,396,4.1
210,HomeStyle Laptop,Electronics,HomeStyle,1563.31,906.3,192,4.1
211,SportMax Bike,Sports,SportMax,55.49,36.57,99,4.6
212,HomeStyle Dress,Clothing,HomeStyle,179.56,114.5,344,3.7
213,SportMax Sneakers,Clothing,SportMax,490.5,317.31,66,4.5
214,ProGear Biography,Books,ProGear,316.11,130.15,496,4.2
215,ProGear Lamp,Furniture,ProGear,821.45,430.27,324,3.1
216,TechPro Yoga Mat,Sports,TechPro,293.21,189.75,414,5
217,SmartChoice Blender,Home,SmartChoice,354.11,224.6,147,4.9
218,TechPro Treadmill,Sports,TechPro,379.31,239.31,227,4.6
219,ProGear Mouse,Electronics,ProGear,1180.83,806.48,494,4.5
220,SmartChoice Basketball,Sports,SmartChoice,419.43,239.08,11,3.1
221,ProGear T-Shirt,Clothing,ProGear,442.16,204.64,96,3.8
222,ProGear Toaster,Home,ProGear,210.59,129.05,308,3.6
223,SportMax Toaster,Home,SportMax,285.88,199.25,477,3.7
224,HomeStyle Dumbbells,Sports,HomeStyle,326.25,159.53,242,3
225,SmartChoice Headphones,Electronics,SmartChoice,1276.96,769.12,34,3.1
226,TechPro Laptop,Electronics,TechPro,1582.63,739.28,82,4.9
227,EliteWear Bookshelf,Furniture,EliteWear,690.1,348.11,152,3.8
228,EliteWear Biography,Books,EliteWear,194.98,84.35,260,3.5
229,SmartChoice Desk,Furniture,SmartChoice,1392.62,903.41,47,4.3
230,SportMax Yoga Mat,Sports,SportMax,214.39,89.41,206,4.9
231,SmartChoice Basketball,Sports,SmartChoice,468.07,276.88,483,4.9
232,EliteWear Biography,Books,EliteWear,455.77,283.88,441,3.9
233,SmartChoice Monitor,Electronics,SmartChoice,1090.72,578.17,319,4.8
234,TechPro Headphones,Electronics,TechPro,761.05,371.62,308,3.1
235,TechPro Microwave,Home,TechPro,289.25,179.17,103,3.6
236,ProGear Yoga Mat,Sports,ProGear,438.29,274.48,330,4.9
237,EliteWear Microwave,Home,EliteWear,387.82,219.53,103,3.7
238,SportMax Biography,Books,SportMax,431.91,191.15,131,4
239,TechPro T-Shirt,Clothing,TechPro,435.37,199.41,459,4.8
240,TechPro Blender,Home,TechPro,137.96,63.68,105,3.7
241,EliteWear Vacuum,Home,EliteWear,382.68,233.21,468,4.8
242,EliteWear Non-Fiction,Books,EliteWear,295.58,167.04,41,3.5
243,SmartChoice Sofa,Furniture,SmartChoice,826.39,405.83,372,3.1
244,SportMax Headphones,Electronics,SportMax,1915.15,897.97,457,4.8
245,ProGear Shoes,Clothing,ProGear,166.81,85.9,220,3.4
246,HomeStyle Vacuum,Home,HomeStyle,117.33,69.34,449,3.5
247,SportMax Mouse,Electronics,SportMax,867.22,448.27,206,3.4
248,TechPro Desk,Furniture,TechPro,738.72,453.19,97,4
249,SmartChoice Dumbbells,Sports,SmartChoice,162.2,91.2,34,4.9
250,SmartChoice Chair,Furniture,SmartChoice,785.53,405.29,256,3.3
251,SmartChoice Dumbbells,Sports,SmartChoice,311.89,179.76,406,4.7
252,EliteWear Microwave,Home,EliteWear,333.28,136.74,144,3.9
253,TechPro Desk,Furniture,TechPro,188.33,99.94,319,3.9
254,SportMax Bookshelf,Furniture,SportMax,411.72,283.8,251,4.5
255,SportMax Smartphone,Electronics,SportMax,1898.5,1001.31,25,4.8
256,TechPro Jacket,Clothing,TechPro,474.55,280.93,21,3.2
257,SportMax Biography,Books,SportMax,423.97,189.81,478,3.9
258,TechPro Keyboard,Electronics,TechPro,1818.09,1133.49,94,4.6
259,EliteWear Mouse,Electronics,EliteWear,866.91,440.11,253,3.6
260,SmartChoice Toaster,Home,SmartChoice,452.28,264.6,351,3.9
261,TechPro Basketball,Sports,TechPro,108.34,72.71,49,4.6
262,ProGear Microwave,Home,ProGear,165.37,75.51,334,4.4
263,ProGear Toaster,Home,ProGear,68.11,32.72,392,4
264,SportMax Desk,Furniture,SportMax,1469.61,930.73,19,3
265,ProGear Bike,Sports,ProGear,125.67,60.21,284,4.7
266,HomeStyle Bookshelf,Furniture,HomeStyle,279.98,183.45,453,3.2
267,EliteWear Jeans,Clothing,EliteWear,400.28,258.54,376,4.3
268,ProGear Smartphone,Electronics,ProGear,1703.48,897.54,292,3.4
269,ProGear Tablet,Electronics,ProGear,746.74,511.35,495,5
270,TechPro Bookshelf,Furniture,TechPro,409.84,214.44,401,4
271,HomeStyle Jacket,Clothing,HomeStyle,366.88,227.29,411,3.4
272,HomeStyle Biography,Books,HomeStyle,116,77.65,478,5
273,EliteWear Textbook,Books,EliteWear,335.66,213.75,4,4.9
274,TechPro Treadmill,Sports,TechPro,99.8,52.02,62,4.3
275,SportMax Yoga Mat,Sports,SportMax,124.35,73.4,353,4.8
276,HomeStyle T-Shirt,Clothing,HomeStyle,446.18,223.72,134,3.4
277,HomeStyle Smartphone,Electronics,HomeStyle,1996.35,1129.42,80,4.3
278,ProGear Blender,Home,ProGear,319.8,133.3,414,3.4
279,EliteWear Bookshelf,Furniture,EliteWear,1179.81,621.52,204,3.7
280,TechPro T-Shirt,Clothing,TechPro,407.88,174.67,52,3.9
281,ProGear Desk,Furniture,ProGear,1398.22,629.65,247,3.6
282,ProGear T-Shirt,Clothing,ProGear,172.47,92.81,499,4.6
283,ProGear Table,Furniture,ProGear,824.53,480.14,310,3.6
284,SmartChoice Chair,Furniture,SmartChoice,1149.81,708.9,110,4.2
285,ProGear Biography,Books,ProGear,338.92,179.56,363,3.1
286,ProGear Dress,Clothing,ProGear,168.14,111.38,346,3.4
287,SmartChoice Dress,Clothing,SmartChoice,351.96,182.48,343,3.6
288,SportMax T-Shirt,Clothing,SportMax,33.12,17.46,327,4.6
289,SmartChoice Tablet,Electronics,SmartChoice,1251.05,504.9,324,3.1
290,ProGear Keyboard,Electronics,ProGear,1580.16,849.77,291,3.8
291,TechPro Biography,Books,TechPro,311.45,133.72,484,3.9
292,SportMax Biography,Books,SportMax,140.72,65.82,453,4.1
293,SportMax Laptop,Electronics,SportMax,746.19,415.33,106,5
294,EliteWear Sneakers,Clothing,EliteWear,215.06,131.18,359,4.4
295,ProGear Chair,Furniture,ProGear,1116.58,543.85,313,3.7
296,HomeStyle Blender,Home,HomeStyle,342.22,196.52,135,4.5
297,SportMax Headphones,Electronics,SportMax,1004.9,584.58,439,3
298,TechPro Fiction,Books,TechPro,287.7,184.58,323,3.1
299,SportMax Fiction,Books,SportMax,22.93,15.3,430,3.1
300,EliteWear Bike,Sports,EliteWear,422.85,184.2,14,3.3
301,EliteWear Fiction,Books,EliteWear,274.19,150.78,427,4.4
302,TechPro Blender,Home,TechPro,124.73,79.03,423,3
303,SportMax Yoga Mat,Sports,SportMax,186.86,121.66,273,5
304,EliteWear Microwave,Home,EliteWear,394.76,170.93,354,4.2
305,SportMax Blender,Home,SportMax,424.23,244.25,11,3.4
306,ProGear Sofa,Furniture,ProGear,1053.02,478.48,413,4.3
307,ProGear Sneakers,Clothing,ProGear,445.79,296.31,78,3.7
308,SmartChoice Biography,Books,SmartChoice,454.23,241.27,462,4
309,SportMax Biography,Books,SportMax,374.55,252.95,421,4.2
310,EliteWear Microwave,Home,EliteWear,188.18,131.68,402,3.3
311,TechPro Blender,Home,TechPro,480.54,289.68,337,4
312,EliteWear Microwave,Home,EliteWear,226.46,134.36,281,3.5
313,ProGear T-Shirt,Clothing,ProGear,75.35,42.63,15,3.4
314,HomeStyle Vacuum,Home,HomeStyle,313.26,207.66,360,3.1
315,EliteWear Yoga Mat,Sports,EliteWear,476.25,294.22,98,4.8
316,ProGear Biography,Books,ProGear,360.97,150.96,472,4.5
317,SportMax Bike,Sports,SportMax,259.89,177.76,135,3.2
318,SmartChoice Monitor,Electronics,SmartChoice,815.64,490.27,115,4.7
319,SmartChoice Non-Fiction,Books,SmartChoice,410.42,225.75,371,3.2
320,SmartChoice Vacuum,Home,SmartChoice,98.8,44.35,474,4.2
321,SportMax Sneakers,Clothing,SportMax,170.14,79.53,490,4.3
322,SmartChoice Jeans,Clothing,SmartChoice,155.93,84.23,313,4
323,HomeStyle Textbook,Books,HomeStyle,440.64,192.97,76,3.1
324,TechPro Sofa,Furniture,TechPro,766.13,381.88,193,4
325,SportMax Jacket,Clothing,SportMax,210.15,106.96,435,3.7
326,HomeStyle Dumbbells,Sports,HomeStyle,370.33,230.61,217,3.9
327,EliteWear Tablet,Electronics,EliteWear,1033.97,647.76,117,4.6
328,HomeStyle Sofa,Furniture,HomeStyle,365.18,179.61,50,3.1
329,TechPro Toaster,Home,TechPro,217.8,113.76,14,5
330,SportMax Bike,Sports,SportMax,289.87,126.46,399,4.1
331,ProGear T-Shirt,Clothing,ProGear,474.96,309.96,366,4.4
332,SmartChoice Monitor,Electronics,SmartChoice,1737.73,766.08,372,4.3
333,SportMax Basketball,Sports,SportMax,95.01,64.38,203,4.7
334,SmartChoice Yoga Mat,Sports,SmartChoice,64.63,38.31,103,3.9
335,TechPro Laptop,Electronics,TechPro,1107.95,489.47,213,4.4
336,TechPro Keyboard,Electronics,TechPro,1926.64,1083.69,424,3.3
337,ProGear Monitor,Electronics,ProGear,752.21,358.96,26,4.2
338,SportMax Laptop,Electronics,SportMax,1283.44,699.11,82,5
339,HomeStyle Headphones,Electronics,HomeStyle,1159.75,777.2,133,3.8
340,SportMax Blender,Home,SportMax,50.92,33.13,109,4.1
341,SportMax Non-Fiction,Books,SportMax,393.69,210.85,67,4.2
342,SmartChoice Laptop,Electronics,SmartChoice,1417.69,585.65,13,4.2
343,HomeStyle Toaster,Home,HomeStyle,164.44,88.72,286,4.5
344,SportMax Textbook,Books,SportMax,375.69,213.43,222,4.4
345,TechPro Sneakers,Clothing,TechPro,440.58,282.16,129,3.1
346,SmartChoice Sofa,Furniture,SmartChoice,1032.33,704.39,101,3.9
347,SmartChoice Jeans,Clothing,SmartChoice,118.72,48.77,342,5
348,SmartChoice Yoga Mat,Sports,SmartChoice,438.3,241.81,225,4.7
349,SmartChoice Chair,Furniture,SmartChoice,116.46,67.53,370,3.9
350,HomeStyle Tablet,Electronics,HomeStyle,109.56,63.55,436,4.7
351,TechPro Bookshelf,Furniture,TechPro,452.2,291.49,313,3.1
352,TechPro Biography,Books,TechPro,308.68,159.12,122,3.2
353,ProGear Treadmill,Sports,ProGear,489.59,282.72,203,4.6
354,TechPro Desk,Furniture,TechPro,142.43,94.91,216,4
355,HomeStyle Fiction,Books,HomeStyle,236.53,109.13,74,4
356,TechPro Treadmill,Sports,TechPro,482.79,232.3,481,3
357,SportMax Yoga Mat,Sports,SportMax,467.21,278.77,29,4.7
358,TechPro Dumbbells,Sports,TechPro,78.35,39.66,119,3.5
359,EliteWear Shoes,Clothing,EliteWear,309.94,155.21,342,4.1
360,TechPro Bike,Sports,TechPro,70.29,35.54,285,3.8
361,EliteWear Sofa,Furniture,EliteWear,964.02,397.08,89,4.3
362,ProGear Table,Furniture,ProGear,792.34,327.11,251,3.6
363,EliteWear Laptop,Electronics,EliteWear,743.46,506.23,320,5
364,SportMax Toaster,Home,SportMax,106.88,74.16,450,4.6
365,TechPro Table,Furniture,TechPro,927.97,587.42,205,4.6
366,SmartChoice Jacket,Clothing,SmartChoice,480.01,228.32,406,4.4
367,ProGear Tablet,Electronics,ProGear,1848.24,1205.88,294,4.8
368,ProGear Keyboard,Electronics,ProGear,1503.22,832.11,498,4.8
369,HomeStyle Microwave,Home,HomeStyle,187.71,105.11,487,4.3
370,HomeStyle Jacket,Clothing,HomeStyle,122.3,79.84,365,4.1
371,EliteWear Dumbbells,Sports,EliteWear,282.1,150.24,171,4.7
372,ProGear Lamp,Furniture,ProGear,1093.2,555.05,408,3.6
373,SportMax Table,Furniture,SportMax,367.9,240.96,310,4.1
374,SportMax Headphones,Electronics,SportMax,741.95,483.43,195,4.1
375,ProGear Dumbbells,Sports,ProGear,316.24,186.82,110,4.7
376,SportMax Smartphone,Electronics,SportMax,998.63,698.73,55,4.8
377,EliteWear Table,Furniture,EliteWear,1157.51,533.57,445,4.4
378,TechPro Table,Furniture,TechPro,761.19,504.6,404,3.5
379,TechPro Lamp,Furniture,TechPro,374.32,178.56,110,4.3
380,ProGear T-Shirt,Clothing,ProGear,437.82,247.65,360,3.4
381,SmartChoice Lamp,Furniture,SmartChoice,102.49,70.22,309,4.9
382,SportMax Microwave,Home,SportMax,456.92,221.37,23,3.1
383,SmartChoice Basketball,Sports,SmartChoice,367.17,195.95,419,4
384,TechPro Biography,Books,TechPro,93.35,57.89,371,4.5
385,ProGear Table,Furniture,ProGear,1247.84,635.47,334,3.9
386,SportMax Jeans,Clothing,SportMax,311.76,148.56,311,3.4
387,TechPro Blender,Home,TechPro,94.62,55.83,71,4.9
388,SportMax Bookshelf,Furniture,SportMax,1266.57,719.99,98,4.9
389,HomeStyle Basketball,Sports,HomeStyle,246.38,131.49,196,3.5
390,HomeStyle Monitor,Electronics,HomeStyle,1411.58,708.08,69,3.7
391,SportMax Biography,Books,SportMax,61.14,28.75,286,3.2
392,TechPro Non-Fiction,Books,TechPro,262.57,149.16,83,4.8
393,ProGear Vacuum,Home,ProGear,322.18,172.46,96,4
394,TechPro Shoes,Clothing,TechPro,129.22,81.13,232,3.7
395,EliteWear Headphones,Electronics,EliteWear,1781.62,1225.72,98,4.3
396,EliteWear Smartphone,Electronics,EliteWear,780.21,531.09,204,4.5
397,SportMax Monitor,Electronics,SportMax,391.1,268.79,113,3.2
398,SportMax Bike,Sports,SportMax,29.84,20.28,471,3.1
399,SportMax Keyboard,Electronics,SportMax,1263.46,868.91,97,3.5
400,SmartChoice Sneakers,Clothing,SmartChoice,481.21,274.36,14,4.5
401,EliteWear Desk,Furniture,EliteWear,1059.11,499.4,206,4.9
402,SmartChoice Smartphone,Electronics,SmartChoice,299.8,189.04,499,3.3
403,SportMax Treadmill,Sports,SportMax,132.65,58.54,299,3.1
404,HomeStyle Shoes,Clothing,HomeStyle,241.54,150.54,150,4.6
405,TechPro Dress,Clothing,TechPro,126.83,59.9,187,3
406,HomeStyle Sofa,Furniture,HomeStyle,1360.91,775.53,238,4.3
407,TechPro Vacuum,Home,TechPro,450.2,243.9,273,4.2
408,TechPro Dress,Clothing,TechPro,156.31,94.9,440,4.8
409,TechPro Blender,Home,TechPro,458.93,298.66,152,3.5
410,HomeStyle Table,Furniture,HomeStyle,422.17,288.43,423,3.2
411,SmartChoice Chair,Furniture,SmartChoice,537.12,258.22,249,4.7
412,SmartChoice Smartphone,Electronics,SmartChoice,1256.16,728.76,18,3.1
413,TechPro Biography,Books,TechPro,57.06,38.05,140,4.3
414,SmartChoice Table,Furniture,SmartChoice,1260.09,669.46,17,4.4
415,ProGear Tablet,Electronics,ProGear,1711.2,1161.36,179,4.6
416,EliteWear Toaster,Home,EliteWear,54.06,30.03,171,3.6
417,ProGear Biography,Books,ProGear,126.09,85.77,241,3.8
418,TechPro Fiction,Books,TechPro,282.97,131.74,240,3.1
419,TechPro Biography,Books,TechPro,187.18,121.16,105,4.4
420,SmartChoice Tablet,Electronics,SmartChoice,1245.73,778.72,301,3.9
421,SmartChoice Bike,Sports,SmartChoice,85.08,58.05,496,3.5
422,ProGear Treadmill,Sports,ProGear,161.65,106.18,35,3.2
423,SportMax Desk,Furniture,SportMax,389.65,196.67,354,3.2
424,HomeStyle Dumbbells,Sports,HomeStyle,117.27,61.32,193,4.8
425,SportMax Toaster,Home,SportMax,366.18,171.56,80,3.1
426,EliteWear Fiction,Books,EliteWear,175.95,101.43,105,3.9
427,SportMax Toaster,Home,SportMax,300.62,185.41,243,3.4
428,SmartChoice Treadmill,Sports,SmartChoice,348.82,181.86,170,3.9
429,SmartChoice Tablet,Electronics,SmartChoice,783.95,389.92,216,4.4
430,SmartChoice Blender,Home,SmartChoice,261.23,131.64,447,4.3
431,EliteWear Fiction,Books,EliteWear,193.37,100.47,429,3.7
432,TechPro Basketball,Sports,TechPro,241.57,130,347,3.7
433,HomeStyle Dress,Clothing,HomeStyle,89.21,48.31,314,3.7
434,EliteWear Mouse,Electronics,EliteWear,1335.46,739.65,83,4.8
435,ProGear Shoes,Clothing,ProGear,341.11,238.73,315,3.5
436,SmartChoice Dress,Clothing,SmartChoice,66.65,28.32,133,4.6
437,SmartChoice Shoes,Clothing,SmartChoice,247.51,116.85,446,3.5
438,SmartChoice Toaster,Home,SmartChoice,356,144.97,403,4.5
439,SportMax Bookshelf,Furniture,SportMax,1372.18,627.06,14,3.6
440,SmartChoice Treadmill,Sports,SmartChoice,455.16,297.35,141,4.2
441,SmartChoice Textbook,Books,SmartChoice,409.92,211.61,296,4.8
442,EliteWear Treadmill,Sports,EliteWear,424.11,196.63,492,4.3
443,SportMax T-Shirt,Clothing,SportMax,472.45,223.67,86,4.4
444,TechPro Non-Fiction,Books,TechPro,253.35,165.67,191,4.5
445,EliteWear Desk,Furniture,EliteWear,711.78,327.69,146,3.1
446,ProGear Fiction,Books,ProGear,143.61,89.12,433,4.7
447,HomeStyle Jacket,Clothing,HomeStyle,84.05,47.22,90,4.5
448,EliteWear Microwave,Home,EliteWear,393.61,254.59,89,4.6
449,SportMax Yoga Mat,Sports,SportMax,417.89,252.47,16,4.7
450,HomeStyle Tablet,Electronics,HomeStyle,1560.79,749.99,335,3.4
451,EliteWear Tablet,Electronics,EliteWear,1489.04,847.48,14,3.7
452,SportMax Smartphone,Electronics,SportMax,1762.33,1218.47,477,3.3
453,HomeStyle Smartphone,Electronics,HomeStyle,313.27,214,463,4.6
454,ProGear Yoga Mat,Sports,ProGear,289.15,151.05,177,3.4
455,SmartChoice Tablet,Electronics,SmartChoice,856.79,462.65,273,3.5
456,TechPro Dress,Clothing,TechPro,308.35,186.92,84,4.5
457,TechPro Shoes,Clothing,TechPro,407.63,267.72,102,3.4
458,ProGear Jacket,Clothing,ProGear,299.85,172.71,402,5
459,SmartChoice Yoga Mat,Sports,SmartChoice,320.44,191.96,75,4.4
460,SmartChoice Toaster,Home,SmartChoice,319.99,129.17,79,4.8
461,HomeStyle Mouse,Electronics,HomeStyle,1914.71,1050.12,1,4.1
462,SmartChoice Blender,Home,SmartChoice,204.64,113.75,493,4.2
463,SmartChoice Smartphone,Electronics,SmartChoice,442.48,290.29,209,3.3
464,TechPro Chair,Furniture,TechPro,1147.45,688.79,466,3.2
465,HomeStyle Keyboard,Electronics,HomeStyle,1393.67,786.31,389,3.5
466,HomeStyle Vacuum,Home,HomeStyle,113.41,74.72,399,3.3
467,ProGear Monitor,Electronics,ProGear,1799.35,929.66,265,4.9
468,TechPro Jeans,Clothing,TechPro,375.38,236.13,247,3.1
469,EliteWear Fiction,Books,EliteWear,261.79,137.24,148,3.4
470,HomeStyle Desk,Furniture,HomeStyle,949.59,645.07,350,3.6
471,HomeStyle Tablet,Electronics,HomeStyle,130.98,69.11,263,3.2
472,TechPro Microwave,Home,TechPro,441.44,288.77,425,4.6
473,TechPro Vacuum,Home,TechPro,119.22,68.76,125,4
474,HomeStyle Desk,Furniture,HomeStyle,1375.52,949.4,337,4.8
475,TechPro Microwave,Home,TechPro,139.26,83.33,330,3.6
476,TechPro Keyboard,Electronics,TechPro,1006.77,414.17,107,4.4
477,ProGear Jeans,Clothing,ProGear,248.4,155.17,295,4.6
478,HomeStyle Dumbbells,Sports,HomeStyle,223.58,150.76,16,4.4
479,SmartChoice Tablet,Electronics,SmartChoice,1283.7,705.91,497,4.8
480,TechPro Jeans,Clothing,TechPro,388.5,239.8,179,4.5
481,SportMax Bike,Sports,SportMax,468.64,269.97,153,4.2
482,TechPro Mouse,Electronics,TechPro,1470.76,758.48,411,3.4
483,HomeStyle Blender,Home,HomeStyle,62.32,35.27,256,3.7
484,EliteWear Jacket,Clothing,EliteWear,142.88,75.59,118,4.4
485,SmartChoice Fiction,Books,SmartChoice,158.49,80.87,425,3.3
486,SportMax Dumbbells,Sports,SportMax,106.48,53.24,77,4.8
487,SportMax Microwave,Home,SportMax,69.87,47.97,456,3.2
488,HomeStyle Fiction,Books,HomeStyle,206.57,117.57,92,4.7
489,EliteWear Dress,Clothing,EliteWear,286.29,180.83,193,3.8
490,ProGear Laptop,Electronics,ProGear,1312.13,897.44,23,4.5
491,SportMax Basketball,Sports,SportMax,301.81,197.24,70,3.4
492,SmartChoice Lamp,Furniture,SmartChoice,1442.1,808.26,121,3.8
493,SportMax Basketball,Sports,SportMax,318.76,161.21,227,4.3
494,ProGear Bookshelf,Furniture,ProGear,635.91,439.74,41,4.4
495,EliteWear Jacket,Clothing,EliteWear,206.66,87.18,458,3.8
496,HomeStyle Blender,Home,HomeStyle,284.56,181.54,156,4.6
497,SmartChoice Basketball,Sports,SmartChoice,323.16,215.91,68,4.4
498,TechPro Textbook,Books,TechPro,218.1,149.05,86,3.2
499,EliteWear Chair,Furniture,EliteWear,1313.37,808.19,48,4.9
500,SmartChoice Treadmill,Sports,SmartChoice,341.61,207.33,204,4.7
501,EliteWear Shoes,Clothing,EliteWear,281.95,179.74,160,4.1
502,HomeStyle Headphones,Electronics,HomeStyle,847.66,540.44,458,3.9
503,TechPro Dumbbells,Sports,TechPro,75.71,52,220,4
504,SportMax Tablet,Electronics,SportMax,1729.76,1036.45,368,4.5
505,ProGear Jeans,Clothing,ProGear,499.06,335.97,208,4.7
506,SportMax Smartphone,Electronics,SportMax,1046.91,638.26,210,4.9
507,SmartChoice Sofa,Furniture,SmartChoice,715.07,318.4,420,3.3
508,SportMax Non-Fiction,Books,SportMax,92.9,57.98,157,4.4
509,SmartChoice Headphones,Electronics,SmartChoice,519.69,253.87,332,3.2
510,TechPro Desk,Furniture,TechPro,1465.41,936.23,31,3.7
511,SportMax Shoes,Clothing,SportMax,381.21,233.5,139,4.4
512,SportMax Shoes,Clothing,SportMax,460.57,309.17,2,3.9
513,SportMax Chair,Furniture,SportMax,416.82,193.4,230,3.7
514,SmartChoice Laptop,Electronics,SmartChoice,1550.91,874.89,223,4.6
515,ProGear Blender,Home,ProGear,138.4,64.82,190,4.8
516,SmartChoice Blender,Home,SmartChoice,63.89,28.39,466,4.7
517,TechPro Textbook,Books,TechPro,146.17,93.54,150,3.8
518,SmartChoice Dumbbells,Sports,SmartChoice,226.93,97.37,14,5
519,EliteWear Laptop,Electronics,EliteWear,944,483.5,234,4.2
520,SmartChoice Laptop,Electronics,SmartChoice,1283.22,741.75,210,4.7
521,ProGear Mouse,Electronics,ProGear,1226.81,500.48,35,3.3
522,TechPro Blender,Home,TechPro,480.21,249.68,239,3.9
523,TechPro Blender,Home,TechPro,370.8,221.36,193,3.5
524,HomeStyle Table,Furniture,HomeStyle,469.19,274.44,239,3.8
525,HomeStyle Tablet,Electronics,HomeStyle,1089.09,460.74,192,4.9
526,ProGear Mouse,Electronics,ProGear,106.79,71.54,64,3.5
527,EliteWear Sneakers,Clothing,EliteWear,445.16,216.96,191,4.3
528,SportMax Smartphone,Electronics,SportMax,225.53,114.53,92,3.3
529,HomeStyle T-Shirt,Clothing,HomeStyle,324.44,185.06,484,4.2
530,EliteWear Dumbbells,Sports,EliteWear,276.98,189.61,81,3.7
531,TechPro T-Shirt,Clothing,TechPro,293.79,177.09,296,4.8
532,HomeStyle Vacuum,Home,HomeStyle,353.03,246.43,220,4.5
533,SportMax Non-Fiction,Books,SportMax,81,45.44,348,3.4
534,SmartChoice Yoga Mat,Sports,SmartChoice,187.96,93.81,62,4.4
535,ProGear Shoes,Clothing,ProGear,331.97,201.16,205,3.7
536,HomeStyle Biography,Books,HomeStyle,227.63,107.78,467,4.4
537,HomeStyle Keyboard,Electronics,HomeStyle,995.26,405.81,179,3.5
538,EliteWear Dumbbells,Sports,EliteWear,227.67,153.11,192,4.1
539,SportMax Chair,Furniture,SportMax,205.29,112.33,152,3.7
540,HomeStyle Mouse,Electronics,HomeStyle,845.56,418.38,108,4.7
541,HomeStyle Shoes,Clothing,HomeStyle,281.1,133.92,37,4.9
542,EliteWear Bookshelf,Furniture,EliteWear,698.57,478.88,202,4.1
543,SportMax Desk,Furniture,SportMax,1175.81,512.08,133,4.9
544,EliteWear Textbook,Books,EliteWear,301.75,205.93,21,4.8
545,HomeStyle Toaster,Home,HomeStyle,150.25,82.59,9,4.5
546,EliteWear Toaster,Home,EliteWear,460.05,194.21,237,3
547,EliteWear Desk,Furniture,EliteWear,1182.34,548.27,49,4.2
548,ProGear Jeans,Clothing,ProGear,281.58,180.85,398,4
549,TechPro Dress,Clothing,TechPro,126.86,72.4,365,3.6
550,EliteWear Sofa,Furniture,EliteWear,859.04,524.4,473,4.3
551,ProGear Bike,Sports,ProGear,354.64,228,461,3.7
552,ProGear Smartphone,Electronics,ProGear,1656.37,1119.07,484,3
553,ProGear Jeans,Clothing,ProGear,452.59,246.88,461,4.8
554,TechPro Shoes,Clothing,TechPro,178.52,111.14,85,4.3
555,SportMax Sofa,Furniture,SportMax,1260.87,671.42,101,4.9
556,HomeStyle Microwave,Home,HomeStyle,242.24,99.48,243,3.1
557,ProGear Dress,Clothing,ProGear,217.34,104.48,73,3.9
558,EliteWear Biography,Books,EliteWear,337.38,167.66,242,4
559,HomeStyle Vacuum,Home,HomeStyle,434.85,240.92,39,3.2
560,SportMax T-Shirt,Clothing,SportMax,459.63,191.1,387,4.4
561,HomeStyle Sneakers,Clothing,HomeStyle,274.44,160.84,360,4.2
562,HomeStyle Toaster,Home,HomeStyle,190.24,114.22,56,3.2
563,TechPro Jeans,Clothing,TechPro,172.85,75.76,91,4.1
564,EliteWear Blender,Home,EliteWear,443.53,199.01,449,4.2
565,SmartChoice T-Shirt,Clothing,SmartChoice,453.92,245.85,303,3.1
566,SportMax Lamp,Furniture,SportMax,578.36,271.08,49,4.5
567,ProGear Treadmill,Sports,ProGear,37.56,15.34,214,3.3
568,SportMax Headphones,Electronics,SportMax,1341.77,872.4,197,3.6
569,SportMax Fiction,Books,SportMax,65.6,42.74,390,3.8
570,HomeStyle Blender,Home,HomeStyle,58.48,35.02,326,3.7
571,TechPro Jeans,Clothing,TechPro,203.12,109.65,297,3.1
572,SportMax Basketball,Sports,SportMax,177.95,85.28,330,3.3
573,EliteWear Non-Fiction,Books,EliteWear,209.19,116.75,11,4.2
574,TechPro Jacket,Clothing,TechPro,266.87,123.01,74,3.4
575,TechPro Dress,Clothing,TechPro,359.54,156.06,235,3.2
576,TechPro Non-Fiction,Books,TechPro,267.04,180.74,411,4.6
577,SmartChoice T-Shirt,Clothing,SmartChoice,223.84,128.18,113,3.2
578,HomeStyle Dumbbells,Sports,HomeStyle,209.67,92.04,360,4.4
579,SmartChoice Dumbbells,Sports,SmartChoice,67.81,30.2,205,3.9
580,EliteWear Basketball,Sports,EliteWear,280.09,142.23,449,3.6
581,ProGear Headphones,Electronics,ProGear,342.42,181.84,25,4.3
582,HomeStyle Toaster,Home,HomeStyle,473.38,280.91,411,3.1
583,SportMax Dumbbells,Sports,SportMax,126.33,76.7,188,4.7
584,EliteWear Treadmill,Sports,EliteWear,413.31,234.82,27,3.9
585,EliteWear Jeans,Clothing,EliteWear,140.21,87.01,379,4.7
586,SportMax Treadmill,Sports,SportMax,233.97,98.63,120,4.8
587,SmartChoice Vacuum,Home,SmartChoice,60.42,28.78,213,3
588,TechPro Monitor,Electronics,TechPro,1927.84,961.76,153,3.8
589,SportMax Textbook,Books,SportMax,47.23,23.71,52,3.2
590,HomeStyle Vacuum,Home,HomeStyle,378.41,188.71,156,4.6
591,SmartChoice Headphones,Electronics,SmartChoice,430.63,252.96,255,4.4
592,SportMax Desk,Furniture,SportMax,139.7,59.98,372,4.5
593,ProGear Vacuum,Home,ProGear,37.04,23.4,460,4.1
594,EliteWear Biography,Books,EliteWear,473.84,297.54,69,4.9
595,ProGear Dress,Clothing,ProGear,148.65,67.01,298,3.7
596,SmartChoice Sofa,Furniture,SmartChoice,136.32,64.85,371,3.2
597,TechPro Vacuum,Home,TechPro,490.91,233.73,307,4.2
598,TechPro Treadmill,Sports,TechPro,164.13,110.46,376,3
599,EliteWear Jeans,Clothing,EliteWear,321.62,144.94,44,3.7
600,EliteWear Jeans,Clothing,EliteWear,116.34,77.92,1,4.2
601,HomeStyle Desk,Furniture,HomeStyle,1412.61,937.16,211,4.3
602,SportMax Dumbbells,Sports,SportMax,491.96,328.91,9,4.1
603,ProGear Vacuum,Home,ProGear,68.04,39.96,17,4.4
604,TechPro Textbook,Books,TechPro,114.53,54.65,302,4.9
605,SmartChoice Treadmill,Sports,SmartChoice,318.73,202.68,107,3.5
606,SmartChoice Laptop,Electronics,SmartChoice,1230.73,810.59,332,4.2
607,SportMax Textbook,Books,SportMax,379.07,224.8,226,4.3
608,EliteWear Lamp,Furniture,EliteWear,335.85,206.33,470,3.5
609,SmartChoice Desk,Furniture,SmartChoice,373.31,187.8,219,4
610,SportMax Toaster,Home,SportMax,188.66,127.25,271,3.5
611,ProGear Textbook,Books,ProGear,299.49,145.03,64,4.6
612,ProGear Shoes,Clothing,ProGear,393.84,270.96,248,3.4
613,EliteWear Smartphone,Electronics,EliteWear,1590.24,891.35,67,4.5
614,ProGear Desk,Furniture,ProGear,553.64,374.65,487,3
615,SportMax Treadmill,Sports,SportMax,482.17,265.87,393,4.6
616,HomeStyle Microwave,Home,HomeStyle,101.52,55.15,370,4.5
617,SportMax Blender,Home,SportMax,411.29,238.94,335,3.5
618,SportMax Biography,Books,SportMax,367.96,204.31,292,3.1
619,SmartChoice Biography,Books,SmartChoice,493.11,291.7,457,4.4
620,ProGear Toaster,Home,ProGear,335.44,232.52,460,4.2
621,ProGear Biography,Books,ProGear,465.89,208.31,38,5
622,SportMax Fiction,Books,SportMax,493.68,266.69,308,4.1
623,SportMax Dress,Clothing,SportMax,468.23,312.05,117,3.3
624,SmartChoice Non-Fiction,Books,SmartChoice,63.99,33.74,102,4.8
625,EliteWear Keyboard,Electronics,EliteWear,1324.77,560.42,415,4.6
626,TechPro Basketball,Sports,TechPro,282.45,189.56,396,3.2
627,SmartChoice Chair,Furniture,SmartChoice,793.91,448.85,343,4.3
628,SportMax Non-Fiction,Books,SportMax,285.43,131.51,310,3.1
629,SmartChoice Lamp,Furniture,SmartChoice,569.25,358.78,253,3.3
630,TechPro Vacuum,Home,TechPro,111.28,74.86,318,3.7
631,SmartChoice Fiction,Books,SmartChoice,333.41,140.74,430,3.4
632,TechPro Yoga Mat,Sports,TechPro,182.86,106.18,22,4.8
633,TechPro Treadmill,Sports,TechPro,457.58,236.8,22,5
634,ProGear Textbook,Books,ProGear,373.54,162.84,111,4.8
635,ProGear Treadmill,Sports,ProGear,169.34,110.31,345,3.8
636,ProGear Jacket,Clothing,ProGear,25.48,11.73,133,3.2
637,HomeStyle Biography,Books,HomeStyle,88.19,44.45,162,3.6
638,SportMax Biography,Books,SportMax,383.9,167.81,314,3.3
639,SmartChoice T-Shirt,Clothing,SmartChoice,494.44,264.08,386,3.8
640,TechPro Toaster,Home,TechPro,120.45,67.17,190,4.2
641,EliteWear Treadmill,Sports,EliteWear,79.03,50.87,232,3.4
642,HomeStyle Smartphone,Electronics,HomeStyle,566.71,320.69,357,4.6
643,EliteWear Basketball,Sports,EliteWear,224.63,150.15,294,4.4
644,SmartChoice Sofa,Furniture,SmartChoice,1081.71,504.18,273,4.8
645,ProGear Jacket,Clothing,ProGear,382.08,254.33,394,4.4
646,EliteWear Jeans,Clothing,EliteWear,226.74,120.17,399,3.5
647,ProGear Yoga Mat,Sports,ProGear,22.85,12.25,423,4.8
648,HomeStyle Blender,Home,HomeStyle,279.25,166.19,425,3.4
649,TechPro Bookshelf,Furniture,TechPro,865.9,558.47,437,3
650,SportMax Table,Furniture,SportMax,215.27,143.26,320,3.4
651,SmartChoice T-Shirt,Clothing,SmartChoice,274.41,156.2,83,4.8
652,ProGear Vacuum,Home,ProGear,254.76,102.37,158,3.5
653,EliteWear Vacuum,Home,EliteWear,184.53,115.89,48,4.8
654,TechPro Smartphone,Electronics,TechPro,1127.73,784.25,463,3.7
655,SmartChoice Blender,Home,SmartChoice,116.49,75.51,100,4.9
656,SportMax T-Shirt,Clothing,SportMax,488.81,318.76,277,4.6
657,SportMax Dress,Clothing,SportMax,429.86,193.3,287,4.1
658,HomeStyle Blender,Home,HomeStyle,218.21,109.48,409,3.8
659,EliteWear Bookshelf,Furniture,EliteWear,1184.81,564.24,376,4.1
660,HomeStyle Non-Fiction,Books,HomeStyle,242.44,155.1,497,4.3
661,ProGear Sneakers,Clothing,ProGear,485,308.65,391,3.7
662,ProGear Toaster,Home,ProGear,127.57,55.41,85,3.5
663,EliteWear Tablet,Electronics,EliteWear,122,84.82,75,4.1
664,EliteWear Basketball,Sports,EliteWear,189.97,106.26,305,3.3
665,HomeStyle Smartphone,Electronics,HomeStyle,337.66,177.82,150,3.1
666,HomeStyle Fiction,Books,HomeStyle,457.61,278.67,491,4.7
667,ProGear Vacuum,Home,ProGear,232.07,114.21,102,3.6
668,HomeStyle Tablet,Electronics,HomeStyle,634.99,336.86,438,4.6
669,ProGear Dumbbells,Sports,ProGear,330.07,210.13,169,4.4
670,SmartChoice Fiction,Books,SmartChoice,273.61,168.37,237,3.8
671,TechPro Sofa,Furniture,TechPro,272.8,146.4,229,5
672,EliteWear Vacuum,Home,EliteWear,364.46,231.92,280,4.6
673,SmartChoice Table,Furniture,SmartChoice,495.06,304.9,148,4.8
674,HomeStyle Treadmill,Sports,HomeStyle,288.61,183.53,470,4.5
675,TechPro Tablet,Electronics,TechPro,586.94,404.37,284,3.4
676,EliteWear Treadmill,Sports,EliteWear,68.96,43.42,278,3.6
677,HomeStyle Tablet,Electronics,HomeStyle,1908.81,1107.39,431,4.1
678,SmartChoice Table,Furniture,SmartChoice,1435.69,973.79,51,3.6
679,SmartChoice Vacuum,Home,SmartChoice,298.66,178.53,477,4.1
680,HomeStyle Microwave,Home,HomeStyle,163.78,108.69,394,3.7
681,HomeStyle Desk,Furniture,HomeStyle,1494.09,742.54,193,4.4
682,ProGear Jeans,Clothing,ProGear,182.27,95.57,380,4.4
683,EliteWear Shoes,Clothing,EliteWear,343.18,236.35,99,4.4
684,ProGear Tablet,Electronics,ProGear,541.74,223.73,120,3.2
685,SmartChoice Dress,Clothing,SmartChoice,325.7,160.6,440,3.4
686,ProGear Treadmill,Sports,ProGear,383.86,262.46,451,3.7
687,EliteWear Bookshelf,Furniture,EliteWear,604.44,305.54,87,4.1
688,SmartChoice Dress,Clothing,SmartChoice,323.94,195.59,460,4.9
689,SmartChoice Desk,Furniture,SmartChoice,1012.53,476.79,293,4.5
690,SportMax Treadmill,Sports,SportMax,357.32,177.49,383,3.3
691,SmartChoice Shoes,Clothing,SmartChoice,251.73,135.53,4,3.9
692,SmartChoice Bike,Sports,SmartChoice,323.8,133.54,262,3.9
693,TechPro Smartphone,Electronics,TechPro,1223.19,724.83,483,4.3
694,SportMax Headphones,Electronics,SportMax,773.59,481.97,326,3
695,SmartChoice Lamp,Furniture,SmartChoice,1116.21,778.94,325,3.1
696,HomeStyle Vacuum,Home,HomeStyle,133.4,70.38,27,4.2
697,TechPro Keyboard,Electronics,TechPro,300.73,163.95,100,4.7
698,HomeStyle Table,Furniture,HomeStyle,273.27,146.42,314,4.6
699,SportMax Yoga Mat,Sports,SportMax,220.49,142.11,213,3.1
700,SmartChoice Tablet,Electronics,SmartChoice,427.76,218.38,289,3.6
701,SportMax Dumbbells,Sports,SportMax,125.31,60.24,371,3.2
702,HomeStyle Yoga Mat,Sports,HomeStyle,321.14,133.36,189,3.4
703,SmartChoice Vacuum,Home,SmartChoice,459.13,237.09,493,4.7
704,ProGear Jacket,Clothing,ProGear,461.26,318.81,38,3.3
705,HomeStyle Textbook,Books,HomeStyle,477.38,285.88,279,3.7
706,EliteWear Smartphone,Electronics,EliteWear,694.26,285.71,169,4.5
707,EliteWear Jeans,Clothing,EliteWear,109.91,58.05,156,4.9
708,SportMax Dumbbells,Sports,SportMax,316.77,162.92,417,4.9
709,SportMax Toaster,Home,SportMax,346.3,181.45,232,4.2
710,TechPro Tablet,Electronics,TechPro,339.52,178.87,232,4.4
711,SportMax Dumbbells,Sports,SportMax,40.27,27.6,345,4.5
712,HomeStyle Yoga Mat,Sports,HomeStyle,177.43,94.79,305,4.3
713,SportMax T-Shirt,Clothing,SportMax,101,61.01,269,4.7
714,ProGear Basketball,Sports,ProGear,497.51,219.79,91,4.8
715,SportMax Keyboard,Electronics,SportMax,771.52,411.11,72,4.6
716,HomeStyle Fiction,Books,HomeStyle,109.43,54.02,400,5
717,TechPro Microwave,Home,TechPro,319.22,175.2,333,4
718,SportMax Table,Furniture,SportMax,440.03,185.49,170,4.2
719,SmartChoice Headphones,Electronics,SmartChoice,1350.25,736.38,94,4.5
720,ProGear Fiction,Books,ProGear,77.35,40.75,189,4.4
721,SportMax Fiction,Books,SportMax,412.25,288.22,454,4
722,TechPro Sofa,Furniture,TechPro,159.96,80.5,20,4.8
723,TechPro Yoga Mat,Sports,TechPro,196.24,109.7,76,3.1
724,ProGear Lamp,Furniture,ProGear,916.37,566.08,480,4.8
725,ProGear Monitor,Electronics,ProGear,761.65,477.74,395,3.3
726,TechPro Table,Furniture,TechPro,1379.83,711.04,195,4.8
727,TechPro Treadmill,Sports,TechPro,156.09,94.55,489,3.4
728,TechPro Table,Furniture,TechPro,799.17,331.45,45,4.3
729,SportMax Bike,Sports,SportMax,157.44,69.6,32,3.9
730,SmartChoice Biography,Books,SmartChoice,271.31,110.85,42,3.4
731,ProGear Keyboard,Electronics,ProGear,1633.89,846.19,430,4.9
732,SmartChoice Shoes,Clothing,SmartChoice,202.33,136.6,151,4.2
733,SportMax Biography,Books,SportMax,266.05,162.15,221,4
734,SmartChoice Tablet,Electronics,SmartChoice,963.01,483.61,98,3.3
735,SmartChoice Mouse,Electronics,SmartChoice,1033.35,462.62,264,3.3
736,ProGear Dress,Clothing,ProGear,434.76,197.58,141,4.5
737,SmartChoice Treadmill,Sports,SmartChoice,252.26,129.49,260,3.4
738,SportMax Monitor,Electronics,SportMax,468.24,244.93,255,5
739,HomeStyle Treadmill,Sports,HomeStyle,253.26,161.51,314,3.7
740,HomeStyle Tablet,Electronics,HomeStyle,570.01,338.65,130,4
741,TechPro Yoga Mat,Sports,TechPro,477.56,225.84,250,3.2
742,ProGear Vacuum,Home,ProGear,102.22,52.78,110,4
743,EliteWear Table,Furniture,EliteWear,621.02,379.64,256,3.9
744,ProGear Treadmill,Sports,ProGear,364.3,223.32,116,4.6
745,ProGear Jacket,Clothing,ProGear,185.13,114.33,121,3.7
746,EliteWear Vacuum,Home,EliteWear,193.28,104.27,163,4.3
747,SportMax Lamp,Furniture,SportMax,555.51,236.55,48,3.2
748,TechPro Toaster,Home,TechPro,158.01,95.01,164,4.5
749,ProGear Biography,Books,ProGear,200.96,94.69,428,4.6
750,ProGear Bookshelf,Furniture,ProGear,1330.08,866.95,218,4.1
751,TechPro Treadmill,Sports,TechPro,223.95,106.01,287,4.9
752,SportMax Dumbbells,Sports,SportMax,336.12,232.14,348,4.4
753,SmartChoice Keyboard,Electronics,SmartChoice,326.96,137.74,161,3.4
754,SmartChoice Basketball,Sports,SmartChoice,418.2,168.29,5,4.4
755,EliteWear Fiction,Books,EliteWear,47.92,29.09,99,3.8
756,TechPro Microwave,Home,TechPro,356.6,193.49,424,3.6
757,EliteWear Yoga Mat,Sports,EliteWear,163.21,100.47,468,3.1
758,ProGear Bookshelf,Furniture,ProGear,361.05,212.07,420,5
759,EliteWear Non-Fiction,Books,EliteWear,40.68,23.94,240,4.7
760,TechPro Treadmill,Sports,TechPro,400.45,274.07,49,5
761,ProGear Dumbbells,Sports,ProGear,210.62,144.41,434,3.3
762,ProGear Desk,Furniture,ProGear,294.41,166.25,170,3.7
763,SmartChoice T-Shirt,Clothing,SmartChoice,23.71,12.5,462,4.9
764,EliteWear Treadmill,Sports,EliteWear,298.47,187.28,177,4.1
765,TechPro Keyboard,Electronics,TechPro,1776.29,718.8,388,4.3
766,EliteWear Sofa,Furniture,EliteWear,122,60.04,70,3.5
767,ProGear Fiction,Books,ProGear,228.63,96.53,375,3.3
768,ProGear Vacuum,Home,ProGear,334.83,220.6,143,4.5
769,TechPro Chair,Furniture,TechPro,1048.39,672.07,453,3.5
770,EliteWear Chair,Furniture,EliteWear,977.7,633.99,142,4.7
771,EliteWear Sofa,Furniture,EliteWear,1227.56,826.74,166,4.7
772,ProGear Biography,Books,ProGear,207.09,90.03,385,3.5
773,EliteWear Headphones,Electronics,EliteWear,1735.31,816.3,200,4.5
774,EliteWear Vacuum,Home,EliteWear,195.24,100.7,267,4.6
775,ProGear Jacket,Clothing,ProGear,21.35,14.26,198,4.6
776,ProGear Toaster,Home,ProGear,88.44,41.03,251,3.7
777,TechPro Yoga Mat,Sports,TechPro,243.1,127.13,252,3
778,SportMax Chair,Furniture,SportMax,1441.33,634.69,345,4.2
779,TechPro Jeans,Clothing,TechPro,78.01,50.32,6,3.7
780,EliteWear Non-Fiction,Books,EliteWear,320.32,169.37,487,4.8
781,HomeStyle Fiction,Books,HomeStyle,311.6,207.81,322,4.7
782,TechPro Jacket,Clothing,TechPro,88.94,47.82,186,4.9
783,ProGear Laptop,Electronics,ProGear,297.98,131.47,422,3
784,ProGear Dress,Clothing,ProGear,372.05,153.39,469,3.1
785,HomeStyle Jeans,Clothing,HomeStyle,448.75,266.38,446,4.5
786,EliteWear Yoga Mat,Sports,EliteWear,497.13,331.86,120,3.6
787,TechPro Textbook,Books,TechPro,156.45,68.95,311,4.8
788,ProGear Bike,Sports,ProGear,298.73,126.56,482,3
789,EliteWear Mouse,Electronics,EliteWear,1707.88,914.71,450,4.5
790,HomeStyle Mouse,Electronics,HomeStyle,700.36,437.99,159,4.7
791,ProGear Jacket,Clothing,ProGear,304.36,127.85,118,4.4
792,SmartChoice Toaster,Home,SmartChoice,342.37,173.89,239,4.4
793,EliteWear Vacuum,Home,EliteWear,178.96,98.45,77,4
794,ProGear Sofa,Furniture,ProGear,486.07,284.48,16,3.1
795,SportMax Textbook,Books,SportMax,179.18,85.34,54,4.9
796,HomeStyle Headphones,Electronics,HomeStyle,1325.84,576.5,38,4.9
797,ProGear Microwave,Home,ProGear,93.39,56.2,322,3.6
798,HomeStyle Laptop,Electronics,HomeStyle,1816.11,855.35,31,5
799,SmartChoice Basketball,Sports,SmartChoice,49.19,20.19,440,4
800,TechPro Dress,Clothing,TechPro,244.94,144.75,170,4.8
801,TechPro Headphones,Electronics,TechPro,105.67,61.72,332,5
802,SportMax Fiction,Books,SportMax,196.2,103.9,33,4
803,SportMax Non-Fiction,Books,SportMax,430.83,189.1,216,4.4
804,SportMax Tablet,Electronics,SportMax,1678.62,897.41,424,3.8
805,EliteWear Chair,Furniture,EliteWear,429.91,188.45,411,3.9
806,EliteWear T-Shirt,Clothing,EliteWear,301.14,203.2,328,3.4
807,TechPro Dress,Clothing,TechPro,302.64,179.67,95,4.3
808,SmartChoice Fiction,Books,SmartChoice,454.06,186.59,236,4.7
809,SportMax Mouse,Electronics,SportMax,751.79,326.84,261,4.9
810,EliteWear Non-Fiction,Books,EliteWear,242.08,106.87,424,4.8
811,HomeStyle Lamp,Furniture,HomeStyle,859.5,422.76,340,4.7
812,HomeStyle T-Shirt,Clothing,HomeStyle,209.06,90.52,402,3.8
813,SportMax Non-Fiction,Books,SportMax,123.27,69.41,230,4.1
814,HomeStyle Non-Fiction,Books,HomeStyle,65.72,36.59,151,3.5
815,ProGear Jacket,Clothing,ProGear,170.44,99.01,343,4.4
816,EliteWear Lamp,Furniture,EliteWear,1264.66,610.37,143,4.7
817,HomeStyle Biography,Books,HomeStyle,198.08,109.04,364,4.9
818,SmartChoice Sofa,Furniture,SmartChoice,302.43,135.25,110,4
819,ProGear Basketball,Sports,ProGear,108.34,64.67,147,3.7
820,EliteWear Biography,Books,EliteWear,343.88,209.8,39,3.7
821,EliteWear Vacuum,Home,EliteWear,458.34,203.03,231,3.5
822,SmartChoice Vacuum,Home,SmartChoice,420.99,182.2,28,4.5
823,TechPro Jeans,Clothing,TechPro,239.27,128.5,81,3.6
824,SmartChoice Dumbbells,Sports,SmartChoice,146.31,92.83,263,3.9
825,EliteWear Fiction,Books,EliteWear,177.05,111.97,105,4.5
826,SmartChoice Yoga Mat,Sports,SmartChoice,60.46,28.47,321,4.6
827,HomeStyle Fiction,Books,HomeStyle,469.57,211.19,203,4.6
828,HomeStyle Monitor,Electronics,HomeStyle,1763.38,954.5,453,4
829,ProGear Chair,Furniture,ProGear,613.02,353.71,279,3.7
830,HomeStyle Shoes,Clothing,HomeStyle,156.13,95.53,221,3.9
831,SmartChoice Dumbbells,Sports,SmartChoice,284.54,169.68,49,4.8
832,EliteWear Vacuum,Home,EliteWear,133.38,87.91,365,5
833,TechPro Dumbbells,Sports,TechPro,380.34,244.1,339,4.8
834,ProGear Toaster,Home,ProGear,248.44,136.87,14,3.2
835,ProGear Bookshelf,Furniture,ProGear,516.45,219.4,347,3.9
836,ProGear Bike,Sports,ProGear,290.09,180.49,112,3
837,SmartChoice Treadmill,Sports,SmartChoice,206.87,113.42,73,4.8
838,EliteWear Toaster,Home,EliteWear,177.37,122.97,381,3.6
839,HomeStyle Vacuum,Home,HomeStyle,179.55,120.27,325,3.6
840,ProGear T-Shirt,Clothing,ProGear,495.4,336.56,355,3.3
841,HomeStyle Dumbbells,Sports,HomeStyle,62.7,27.86,143,4.3
842,SmartChoice Sneakers,Clothing,SmartChoice,189.58,81.97,487,3.2
843,SportMax Vacuum,Home,SportMax,196.06,124.5,308,4.4
844,HomeStyle Biography,Books,HomeStyle,153.13,100.22,267,4.9
845,ProGear Jacket,Clothing,ProGear,410.71,188.14,0,4.1
846,EliteWear Treadmill,Sports,EliteWear,475.62,280.2,39,4.1
847,SmartChoice Jacket,Clothing,SmartChoice,377.78,245.55,118,4.6
848,EliteWear Lamp,Furniture,EliteWear,1067.52,435.89,19,3.7
849,TechPro Yoga Mat,Sports,TechPro,167.05,91.99,344,3.3
850,EliteWear Blender,Home,EliteWear,125.45,75.4,445,3.9
851,TechPro Desk,Furniture,TechPro,419.14,259.77,400,3.8
852,EliteWear Yoga Mat,Sports,EliteWear,383.37,179.35,329,3.6
853,TechPro Headphones,Electronics,TechPro,82.83,47.11,313,4.5
854,EliteWear Treadmill,Sports,EliteWear,62.83,33.69,81,4.2
855,SmartChoice Smartphone,Electronics,SmartChoice,443.04,252.63,2,4.1
856,ProGear Blender,Home,ProGear,236.21,122.91,79,4
857,EliteWear Dumbbells,Sports,EliteWear,345.78,161.05,196,4.7
858,HomeStyle Shoes,Clothing,HomeStyle,231.29,95.37,197,3.9
859,SmartChoice Headphones,Electronics,SmartChoice,1798.73,904.58,95,4.2
860,ProGear Yoga Mat,Sports,ProGear,310.9,197.12,246,3.3
861,ProGear Sofa,Furniture,ProGear,1226.67,562.58,234,3.4
862,SportMax Desk,Furniture,SportMax,1024.35,439.82,359,3.9
863,ProGear Textbook,Books,ProGear,321.64,212.64,191,3.1
864,EliteWear Bookshelf,Furniture,EliteWear,153.82,69.12,10,4.3
865,HomeStyle Blender,Home,HomeStyle,285.18,158.67,397,4.4
866,TechPro Biography,Books,TechPro,32.15,18.4,19,3.4
867,SportMax Chair,Furniture,SportMax,939.46,577.71,409,4.8
868,ProGear Microwave,Home,ProGear,30.77,13.67,393,4.9
869,ProGear Shoes,Clothing,ProGear,399.46,200.39,336,3.6
870,TechPro Chair,Furniture,TechPro,451.96,202.77,371,4.3
871,SmartChoice Laptop,Electronics,SmartChoice,1115.54,663.64,20,3.9
872,HomeStyle T-Shirt,Clothing,HomeStyle,39.72,20.23,284,3.4
873,EliteWear Toaster,Home,EliteWear,488.99,247.18,436,4.2
874,HomeStyle Tablet,Electronics,HomeStyle,1296.28,869.11,100,3.7
875,SportMax Vacuum,Home,SportMax,398.91,188.89,487,4.3
876,SmartChoice Dumbbells,Sports,SmartChoice,40.87,21.33,413,4.7
877,SportMax Yoga Mat,Sports,SportMax,468.73,291.2,403,3.4
878,ProGear Microwave,Home,ProGear,377.64,251,85,4.3
879,ProGear Yoga Mat,Sports,ProGear,235.66,151.56,168,4
880,SportMax Toaster,Home,SportMax,321.6,182.22,340,3.9
881,TechPro Vacuum,Home,TechPro,293.84,125.69,184,4.8
882,TechPro Dress,Clothing,TechPro,353.4,145.31,97,3.4
883,EliteWear Biography,Books,EliteWear,376.86,210.23,187,3.4
884,HomeStyle Laptop,Electronics,HomeStyle,1726.15,746.58,231,4.3
885,SportMax Fiction,Books,SportMax,323.18,223.17,182,3.3
886,HomeStyle Keyboard,Electronics,HomeStyle,219.68,92.17,83,4.9
887,HomeStyle Table,Furniture,HomeStyle,886.04,542.1,54,3.5
888,ProGear Basketball,Sports,ProGear,359.56,223.7,12,4.5
889,EliteWear Sofa,Furniture,EliteWear,537.05,226.5,237,3.7
890,SportMax Microwave,Home,SportMax,130.83,78.66,176,3.7
891,ProGear Bookshelf,Furniture,ProGear,964.36,607.99,329,3.5
892,SportMax Table,Furniture,SportMax,1059.4,709.21,172,3.7
893,HomeStyle Biography,Books,HomeStyle,419.95,169.87,370,4.6
894,ProGear Yoga Mat,Sports,ProGear,429.36,216.64,139,4.4
895,HomeStyle Jacket,Clothing,HomeStyle,323.53,148.16,341,3.4
896,SportMax Jeans,Clothing,SportMax,351.09,226.34,118,4.8
897,ProGear Desk,Furniture,ProGear,777.21,486.32,463,3.5
898,ProGear Sneakers,Clothing,ProGear,262.76,182.41,138,4.3
899,EliteWear Dumbbells,Sports,EliteWear,74.49,31.45,181,4.2
900,HomeStyle Vacuum,Home,HomeStyle,259.34,125.69,123,4.7
901,SportMax Basketball,Sports,SportMax,223.67,153.33,40,4.9
902,HomeStyle Treadmill,Sports,HomeStyle,77.66,46.04,405,3.4
903,EliteWear T-Shirt,Clothing,EliteWear,475.05,214.31,142,3.3
904,TechPro Chair,Furniture,TechPro,1253.09,773.31,107,3.9
905,ProGear Headphones,Electronics,ProGear,649.8,271.21,17,4.2
906,TechPro Monitor,Electronics,TechPro,1121.63,549.77,109,4.1
907,SmartChoice Basketball,Sports,SmartChoice,415.12,287.65,275,4.8
908,HomeStyle Non-Fiction,Books,HomeStyle,289.85,173.51,101,4.6
909,ProGear Textbook,Books,ProGear,358.62,246.43,147,4
910,SportMax Textbook,Books,SportMax,390.73,178.62,6,3.2
911,SmartChoice Jeans,Clothing,SmartChoice,250.43,150.84,192,3.7
912,ProGear Non-Fiction,Books,ProGear,99.88,41.7,355,3.3
913,HomeStyle Bookshelf,Furniture,HomeStyle,901.66,535.39,253,4.2
914,ProGear Fiction,Books,ProGear,428.4,224.15,111,3.9
915,ProGear Basketball,Sports,ProGear,392.82,265.89,338,3.2
916,TechPro Mouse,Electronics,TechPro,538.39,311.52,438,3.5
917,SportMax Toaster,Home,SportMax,477.58,319.14,146,3.9
918,SmartChoice Treadmill,Sports,SmartChoice,314.62,197.24,433,5
919,EliteWear Jacket,Clothing,EliteWear,390.04,161.56,483,4.2
920,ProGear Microwave,Home,ProGear,372.22,207.14,203,3.6
921,TechPro Smartphone,Electronics,TechPro,1951.36,883.74,256,4.7
922,EliteWear Fiction,Books,EliteWear,243.87,123.08,71,3.2
923,EliteWear Keyboard,Electronics,EliteWear,1876.68,969.01,48,4
924,SportMax Textbook,Books,SportMax,499.1,302.38,296,3.2
925,SportMax Microwave,Home,SportMax,339.02,228.37,417,3.5
926,SportMax Microwave,Home,SportMax,205.06,104.4,405,3.9
927,ProGear Jacket,Clothing,ProGear,24.46,14.78,216,4.2
928,SmartChoice Non-Fiction,Books,SmartChoice,233.75,162.93,227,4.4
929,SportMax Textbook,Books,SportMax,201.81,83.72,460,3.2
930,ProGear T-Shirt,Clothing,ProGear,454.15,218.06,445,3.2
931,TechPro Treadmill,Sports,TechPro,206.42,85.69,281,3.6
932,SmartChoice Laptop,Electronics,SmartChoice,1070.78,625.69,194,3.8
933,SmartChoice Dumbbells,Sports,SmartChoice,42.05,17.1,443,4.4
934,SmartChoice Sneakers,Clothing,SmartChoice,58.69,33.18,285,4.2
935,ProGear Tablet,Electronics,ProGear,477.48,271.05,140,4.5
936,HomeStyle Fiction,Books,HomeStyle,406.97,270.86,472,3.3
937,EliteWear Biography,Books,EliteWear,37.37,17.67,498,4.1
938,EliteWear Smartphone,Electronics,EliteWear,656.52,302.66,188,4.4
939,ProGear Basketball,Sports,ProGear,236.23,158.16,22,4.4
940,TechPro Toaster,Home,TechPro,138.1,82.97,283,3.3
941,SmartChoice Textbook,Books,SmartChoice,57.64,29.78,495,3.9
942,SmartChoice Basketball,Sports,SmartChoice,127.45,57.11,433,4.9
943,TechPro Microwave,Home,TechPro,161.07,98.96,227,3.6
944,SportMax Desk,Furniture,SportMax,1395.28,829.04,63,3.8
945,TechPro Headphones,Electronics,TechPro,292.16,202.23,203,4
946,TechPro Jacket,Clothing,TechPro,188.59,107.25,292,5
947,TechPro Fiction,Books,TechPro,489.2,324.53,182,4.7
948,SmartChoice T-Shirt,Clothing,SmartChoice,310.41,175.82,22,4.7
949,HomeStyle Vacuum,Home,HomeStyle,401.88,210.19,343,4.5
950,SmartChoice Headphones,Electronics,SmartChoice,203.51,123.58,93,3.1
951,ProGear Sneakers,Clothing,ProGear,272.57,116.21,398,4.9
952,SportMax Sneakers,Clothing,SportMax,84.65,38.23,255,3.9
953,SmartChoice T-Shirt,Clothing,SmartChoice,337.15,206.42,448,3.9
954,SmartChoice Blender,Home,SmartChoice,371.52,236.21,346,3.9
955,TechPro Desk,Furniture,TechPro,725.2,312.35,467,3.7
956,ProGear Biography,Books,ProGear,184.52,109.37,324,3.4
957,EliteWear Sofa,Furniture,EliteWear,713.35,352.89,205,4.1
958,SmartChoice Shoes,Clothing,SmartChoice,207.47,93.54,72,5
959,EliteWear Desk,Furniture,EliteWear,581.85,264.13,418,4.2
960,HomeStyle Dress,Clothing,HomeStyle,221.39,144.6,125,4.8
961,TechPro Smartphone,Electronics,TechPro,642.29,298.77,345,4.8
962,SportMax Non-Fiction,Books,SportMax,243.91,127.93,116,4.4
963,TechPro Dumbbells,Sports,TechPro,148.51,69.74,201,3.1
964,ProGear Table,Furniture,ProGear,500.16,324.65,11,4.7
965,HomeStyle Sofa,Furniture,HomeStyle,497.32,252.22,158,3.9
966,ProGear Jeans,Clothing,ProGear,296.7,169.18,488,3.9
967,TechPro Desk,Furniture,TechPro,510.93,282,287,4
968,SmartChoice Bookshelf,Furniture,SmartChoice,168.41,83.29,398,3.1
969,TechPro Laptop,Electronics,TechPro,1179.07,717.2,150,4.6
970,EliteWear Monitor,Electronics,EliteWear,370.05,244.77,75,3.1
971,HomeStyle Microwave,Home,HomeStyle,36.69,25.65,396,4.5
972,SmartChoice Smartphone,Electronics,SmartChoice,1678.44,892.86,51,3.4
973,ProGear Desk,Furniture,ProGear,1220.33,663.56,83,4.5
974,SportMax Desk,Furniture,SportMax,1073.64,731.86,373,3.6
975,EliteWear Textbook,Books,EliteWear,296.26,165.72,271,4
976,ProGear Sofa,Furniture,ProGear,197.57,96.16,180,4.9
977,SportMax Lamp,Furniture,SportMax,292.29,135.46,312,4.7
978,ProGear Treadmill,Sports,ProGear,41.65,28.74,437,3.6
979,ProGear Non-Fiction,Books,ProGear,328.81,222.52,321,3.2
980,ProGear Yoga Mat,Sports,ProGear,73.33,36.57,277,3.2
981,ProGear Monitor,Electronics,ProGear,1303.45,800.24,341,3.8
982,SportMax Table,Furniture,SportMax,182.43,118.61,326,4.8
983,SportMax Mouse,Electronics,SportMax,1574.42,998.79,218,4.8
984,HomeStyle Microwave,Home,HomeStyle,398.7,248.35,76,5
985,SportMax Headphones,Electronics,SportMax,109.46,73.01,325,4.4
986,ProGear Jeans,Clothing,ProGear,200.64,109.96,408,3.5
987,TechPro Chair,Furniture,TechPro,1259.01,716.37,84,5
988,TechPro Textbook,Books,TechPro,144.48,69.66,267,3.5
989,EliteWear Biography,Books,EliteWear,165.53,89.68,220,4.9
990,HomeStyle Basketball,Sports,HomeStyle,150.94,64.11,99,4.9
991,HomeStyle Keyboard,Electronics,HomeStyle,725.75,293,301,3.4
992,HomeStyle Shoes,Clothing,HomeStyle,158.99,92.85,112,3.5
993,SportMax Dumbbells,Sports,SportMax,150.54,103.65,417,4.2
994,HomeStyle Treadmill,Sports,HomeStyle,109.53,69.92,118,3.4
995,SmartChoice Dress,Clothing,SmartChoice,356.97,215.04,30,3.7
996,SportMax Table,Furniture,SportMax,726.83,365.71,326,3.9
997,ProGear Lamp,Furniture,ProGear,690.9,456.61,279,4.8
998,SmartChoice Vacuum,Home,SmartChoice,253.19,102.38,88,4.8
999,EliteWear Dress,Clothing,EliteWear,92.33,58,25,3.6
1000,TechPro Dress,Clothing,TechPro,186.28,88.1,31,4.3
